iteration,MSE_trg,MSE_val,MSE_tst,acc_trg,acc_val,acc_tst,elapsed
0,0.20144246511,0.176062224403,0.190197396424,0.515796703297,0.587912087912,0.535897435897,0.554851089999
10,0.24321436221,0.239170427459,0.245336469796,0.486263736264,0.486263736264,0.483333333333,6.125516082
20,0.190293896079,0.181632467616,0.179411516357,0.517857142857,0.541208791209,0.552564102564,11.628214087
30,0.217301765298,0.217419634951,0.21945869464,0.483516483516,0.510989010989,0.485897435897,17.00238356
40,0.210729095189,0.200890467046,0.210669074377,0.521978021978,0.538461538462,0.517948717949,22.647300681
50,0.211515430179,0.201060574348,0.212429111247,0.502747252747,0.505494505495,0.489743589744,28.32029797
60,0.194663637619,0.171953016965,0.19276361797,0.539835164835,0.582417582418,0.544871794872,33.851848319
70,0.227554234425,0.217868453292,0.216213605581,0.447115384615,0.475274725275,0.479487179487,39.62810739
80,0.173818597564,0.146564841655,0.159338185584,0.543269230769,0.593406593407,0.573076923077,45.39088995
90,0.186919122571,0.174908584519,0.178338945405,0.520604395604,0.527472527473,0.533333333333,51.422525621
100,0.189199075327,0.169115978866,0.186562483807,0.533653846154,0.57967032967,0.525641025641,57.242431175
110,0.183765989775,0.17755364685,0.181432388438,0.529532967033,0.543956043956,0.526923076923,62.993969973
120,0.182828239127,0.168469542788,0.174249805979,0.53021978022,0.56043956044,0.538461538462,68.7193098
130,0.192210055462,0.180643829407,0.190565661284,0.548763736264,0.565934065934,0.542307692308,74.353211597
140,0.172727981643,0.169911846969,0.169921125366,0.527472527473,0.532967032967,0.546153846154,79.946181503
150,0.188232273678,0.195552343994,0.190369042912,0.511675824176,0.505494505495,0.503846153846,85.410893035
160,0.192213307577,0.200270382178,0.195448157602,0.512362637363,0.494505494505,0.489743589744,91.025361818
170,0.171645194808,0.155435725015,0.167267613623,0.54739010989,0.596153846154,0.552564102564,96.75180246
180,0.159789418346,0.154205286439,0.161213545738,0.552884615385,0.571428571429,0.558974358974,102.27539439
190,0.167532658262,0.161771638789,0.168937731932,0.543956043956,0.582417582418,0.539743589744,107.98363928
200,0.171849502724,0.158417775242,0.172017774645,0.54532967033,0.571428571429,0.544871794872,113.917649927
210,0.165805774448,0.152550397253,0.166834599965,0.552884615385,0.568681318681,0.55,119.477509565
220,0.165005088996,0.154106717104,0.163029654226,0.551510989011,0.571428571429,0.562820512821,125.227257444
230,0.162561340602,0.154242353671,0.16707127257,0.568681318681,0.568681318681,0.562820512821,130.800150738
240,0.163343885335,0.149620067026,0.170551785129,0.571428571429,0.60989010989,0.558974358974,136.432486636
250,0.159672170847,0.147343113409,0.167224790937,0.5625,0.593406593407,0.553846153846,141.90292213
260,0.160577227961,0.149820565691,0.166243603702,0.563873626374,0.587912087912,0.548717948718,147.266262997
270,0.154484209523,0.140454075408,0.160598745476,0.580357142857,0.607142857143,0.551282051282,152.793738043
280,0.154297224711,0.144548361768,0.160842916694,0.583104395604,0.593406593407,0.566666666667,158.576445376
290,0.155936974052,0.142943399263,0.162676760307,0.578983516484,0.620879120879,0.55641025641,164.211250668
300,0.159110081775,0.147187191693,0.166269776711,0.570054945055,0.598901098901,0.558974358974,170.017443064
310,0.154494191311,0.146774644952,0.16134143414,0.57760989011,0.593406593407,0.55641025641,175.720442073
320,0.154839156775,0.142611180042,0.160084368678,0.576923076923,0.601648351648,0.571794871795,181.636635534
330,0.155169823588,0.145671151209,0.161588007904,0.580357142857,0.612637362637,0.573076923077,187.360011062
340,0.15559886048,0.147435935377,0.161079567039,0.575549450549,0.587912087912,0.555128205128,193.248892085
350,0.159229281498,0.152151875868,0.166382512276,0.563873626374,0.587912087912,0.54358974359,199.357135744
360,0.160513231729,0.152736016897,0.168489574642,0.561813186813,0.601648351648,0.54358974359,205.527220269
370,0.155685583008,0.147595909976,0.160514393478,0.569368131868,0.596153846154,0.55641025641,211.172915038
380,0.15756438305,0.148879744512,0.164824024664,0.574175824176,0.604395604396,0.557692307692,216.914327986
390,0.161209976078,0.15357970971,0.168281074178,0.565934065934,0.574175824176,0.54358974359,222.729717773
400,0.158136602916,0.151079280798,0.167195280679,0.574175824176,0.585164835165,0.546153846154,228.49290318
410,0.158743671162,0.151491226405,0.164320323618,0.559065934066,0.576923076923,0.546153846154,234.262975599
420,0.159998335429,0.153470622205,0.165926067941,0.555631868132,0.563186813187,0.55,239.884199052
430,0.157094586139,0.152011140547,0.162205542708,0.573489010989,0.565934065934,0.555128205128,245.663734234
440,0.159492293268,0.152305324072,0.165612365572,0.563186813187,0.57967032967,0.566666666667,251.418480064
450,0.160625057863,0.153755758214,0.167664010196,0.559065934066,0.582417582418,0.552564102564,256.92774944
460,0.159482423653,0.151287776989,0.166941852371,0.563186813187,0.598901098901,0.546153846154,262.617356748
470,0.156307453705,0.149118328194,0.161543322247,0.578983516484,0.593406593407,0.565384615385,268.415461801
480,0.156934283326,0.149297576363,0.163578631686,0.578983516484,0.590659340659,0.570512820513,274.343356243
490,0.161342954743,0.15349674046,0.167806528459,0.559065934066,0.585164835165,0.551282051282,280.063817812
500,0.157691294802,0.149236508966,0.163485174016,0.569368131868,0.598901098901,0.561538461538,285.69584696
510,0.157783144079,0.146881240445,0.163737742374,0.569368131868,0.601648351648,0.547435897436,291.242239323
520,0.157304502195,0.147687899198,0.161498432065,0.559065934066,0.598901098901,0.570512820513,296.897186884
530,0.159654315343,0.152926455791,0.167044397174,0.569368131868,0.590659340659,0.557692307692,302.772421778
540,0.157242011057,0.146388228237,0.163342282969,0.574175824176,0.596153846154,0.557692307692,308.488639108
550,0.157784252141,0.148759084912,0.164555767997,0.566620879121,0.598901098901,0.557692307692,314.267087155
560,0.15748488991,0.145993190012,0.164534625873,0.578983516484,0.598901098901,0.564102564103,320.059819798
570,0.157534426585,0.148146746028,0.164798749238,0.574175824176,0.593406593407,0.552564102564,325.613828947
580,0.160389641539,0.150123924742,0.166385551021,0.559752747253,0.57967032967,0.548717948718,331.316184703
590,0.160029016531,0.151801113784,0.166143548453,0.567307692308,0.585164835165,0.562820512821,337.118456368
600,0.155961390697,0.145269840567,0.162777486561,0.582417582418,0.60989010989,0.566666666667,342.932986432
610,0.16182360428,0.148167286468,0.164990323617,0.561126373626,0.598901098901,0.564102564103,348.34338634
620,0.158460165226,0.146884761415,0.164306495824,0.563186813187,0.582417582418,0.548717948718,354.048257656
630,0.157374533104,0.144747308783,0.162832403898,0.572115384615,0.607142857143,0.553846153846,359.831293283
640,0.157519479961,0.147056989992,0.163891546826,0.573489010989,0.590659340659,0.557692307692,365.584510147
650,0.158520397184,0.149483595599,0.165404475214,0.5625,0.593406593407,0.553846153846,371.226691477
660,0.1607602603,0.152683821566,0.166834845868,0.565247252747,0.604395604396,0.546153846154,377.115717498
670,0.15513974727,0.143597647075,0.161790676186,0.583104395604,0.607142857143,0.567948717949,382.839660362
680,0.158037493884,0.148149587284,0.164314204531,0.570054945055,0.598901098901,0.55641025641,388.612536285
690,0.157393139067,0.148799431932,0.163396273131,0.575549450549,0.590659340659,0.558974358974,394.401751042
700,0.159951853151,0.150828517847,0.165164693523,0.574175824176,0.604395604396,0.557692307692,400.158155104
710,0.158459341589,0.148780920195,0.163651036779,0.574175824176,0.598901098901,0.562820512821,406.018508315
720,0.159353484645,0.149295905054,0.164872840406,0.570054945055,0.590659340659,0.552564102564,411.907018981
730,0.155003129383,0.146770405648,0.160399775825,0.57760989011,0.612637362637,0.566666666667,417.705400008
740,0.158760040348,0.150896160063,0.16384525422,0.571428571429,0.590659340659,0.562820512821,423.508640827
750,0.157180372343,0.146395578417,0.16250542042,0.576236263736,0.604395604396,0.553846153846,429.203455715
760,0.158458777914,0.151356361719,0.164275899085,0.569368131868,0.590659340659,0.552564102564,434.892943674
770,0.158204953162,0.152100372805,0.164538836078,0.570741758242,0.593406593407,0.55,440.459087427
780,0.16041676913,0.149957490083,0.163719566993,0.561126373626,0.593406593407,0.555128205128,446.076256095
790,0.156386132483,0.148201510575,0.162999041441,0.574175824176,0.596153846154,0.548717948718,451.737113307
800,0.157631327228,0.149988665596,0.162798160179,0.563186813187,0.576923076923,0.547435897436,457.315700809
810,0.157848325853,0.154437611803,0.165583048881,0.565247252747,0.565934065934,0.548717948718,463.237437669
820,0.156478119717,0.148368252299,0.163194746258,0.576923076923,0.593406593407,0.558974358974,469.198676285
830,0.156752882899,0.152198497706,0.164339624288,0.573489010989,0.585164835165,0.560256410256,474.789357699
840,0.156970446234,0.154279629441,0.165926761002,0.572802197802,0.576923076923,0.551282051282,480.617731212
850,0.156818676018,0.153745736456,0.165232325428,0.578296703297,0.590659340659,0.552564102564,486.506027118
860,0.154977364369,0.151071095244,0.162776337692,0.578296703297,0.574175824176,0.55641025641,492.28075654
870,0.15544326214,0.14996703534,0.163100411246,0.57967032967,0.57967032967,0.560256410256,498.086822065
880,0.155422938531,0.151093352517,0.162977815347,0.575549450549,0.571428571429,0.553846153846,503.746975836
890,0.156561790512,0.152873432132,0.164003463602,0.572115384615,0.587912087912,0.555128205128,509.296008236
900,0.157379763029,0.151925418509,0.164427042589,0.576236263736,0.587912087912,0.548717948718,515.207250598
910,0.157422809454,0.152485672096,0.165300143585,0.57760989011,0.582417582418,0.548717948718,520.82051358
920,0.156419543934,0.148007357347,0.163736760225,0.581043956044,0.593406593407,0.553846153846,526.748119396
930,0.158627663402,0.151658924085,0.166588386739,0.574175824176,0.582417582418,0.548717948718,532.560844523
940,0.155329503705,0.151034862072,0.163470818665,0.573489010989,0.576923076923,0.561538461538,538.393217765
950,0.159347785251,0.157715753512,0.168632039517,0.572115384615,0.557692307692,0.544871794872,543.950318702
960,0.155346209807,0.150582876967,0.164101761989,0.578296703297,0.585164835165,0.553846153846,549.591748032
970,0.155737545152,0.150664714056,0.163952744174,0.572115384615,0.57967032967,0.565384615385,555.29048878
980,0.157909455572,0.15617213037,0.167590890027,0.568681318681,0.585164835165,0.555128205128,560.975230481
990,0.155941107775,0.152052779306,0.164478753416,0.587912087912,0.590659340659,0.560256410256,566.831865409
1000,0.158883350014,0.15568637076,0.168184115174,0.57967032967,0.590659340659,0.558974358974,572.436087968
1010,0.160105290699,0.157917738307,0.169164390429,0.559752747253,0.563186813187,0.539743589744,578.237565911
1020,0.15647779444,0.152723775651,0.165561914466,0.57967032967,0.598901098901,0.564102564103,583.842146175
1030,0.158082809987,0.155625609889,0.16681479972,0.580357142857,0.596153846154,0.55641025641,589.584172624
1040,0.162033816088,0.161948597675,0.17251616014,0.565247252747,0.576923076923,0.561538461538,595.380149574
1050,0.158167299871,0.156519108089,0.168428039685,0.581730769231,0.604395604396,0.561538461538,601.168050467
1060,0.15799720845,0.154224542945,0.166318508528,0.576236263736,0.596153846154,0.55,606.936248187
1070,0.162135425514,0.160785259502,0.168705925669,0.572802197802,0.585164835165,0.55641025641,612.519756697
1080,0.159650270665,0.156200937397,0.167898671895,0.581730769231,0.590659340659,0.560256410256,618.443071766
1090,0.15737513412,0.153940062305,0.165022568195,0.581730769231,0.585164835165,0.562820512821,624.269277165
1100,0.159662544335,0.155762617497,0.167679914112,0.574175824176,0.598901098901,0.557692307692,629.83711711
1110,0.158472783096,0.156858028549,0.165240066162,0.573489010989,0.587912087912,0.561538461538,635.452107061
1120,0.159627855973,0.158251217674,0.167173302118,0.574862637363,0.574175824176,0.552564102564,641.302614841
1130,0.160716654445,0.158760738937,0.169121726541,0.565247252747,0.585164835165,0.553846153846,647.228133933
1140,0.162442876537,0.160216993841,0.169984476531,0.567307692308,0.582417582418,0.551282051282,653.093736103
1150,0.161264109287,0.158068571443,0.169042062174,0.572802197802,0.587912087912,0.55,658.685273136
1160,0.159651250123,0.157557027776,0.167893020586,0.575549450549,0.601648351648,0.55641025641,664.308700613
1170,0.157229717564,0.154270414451,0.164521060107,0.584478021978,0.587912087912,0.558974358974,670.236095772
1180,0.162083709061,0.159831944115,0.169225809977,0.559065934066,0.568681318681,0.534615384615,676.012128457
1190,0.159663193135,0.154152080847,0.167355725418,0.572802197802,0.587912087912,0.557692307692,681.822075044
1200,0.159915122024,0.155945355833,0.166621856316,0.574862637363,0.587912087912,0.55,687.505789454
1210,0.159557164436,0.158174980321,0.166000485312,0.563873626374,0.565934065934,0.544871794872,693.376190203
1220,0.159912473927,0.154810288264,0.166956894566,0.581043956044,0.593406593407,0.566666666667,699.231319077
1230,0.158855682857,0.156811290739,0.165614442691,0.573489010989,0.574175824176,0.557692307692,705.019169699
1240,0.163382764318,0.159086580432,0.169263799419,0.563186813187,0.57967032967,0.555128205128,710.830524878
1250,0.1618992957,0.161201740505,0.169304686186,0.567994505495,0.568681318681,0.548717948718,716.855066983
1260,0.160071184409,0.159230451469,0.166854083939,0.571428571429,0.565934065934,0.546153846154,722.525630102
1270,0.163093037546,0.160607893044,0.168494640158,0.557005494505,0.574175824176,0.544871794872,728.270990113
1280,0.16403812795,0.162389392035,0.170864423008,0.561813186813,0.563186813187,0.546153846154,733.809804674
1290,0.163801075342,0.163074864627,0.170450725565,0.559065934066,0.56043956044,0.548717948718,739.458603885
1300,0.162440730391,0.161614403051,0.169993616557,0.565934065934,0.576923076923,0.538461538462,745.340211464
1310,0.161826309891,0.160320935547,0.16828049559,0.5625,0.571428571429,0.558974358974,750.823718571
1320,0.160810419498,0.157701965843,0.166349209571,0.568681318681,0.563186813187,0.561538461538,756.540489214
1330,0.16427122795,0.161990945718,0.171922693626,0.56043956044,0.568681318681,0.534615384615,762.245457309
1340,0.162162499418,0.15962986194,0.169846118483,0.56456043956,0.571428571429,0.55641025641,767.920931859
1350,0.162790719721,0.158991616184,0.169829076644,0.56456043956,0.56043956044,0.557692307692,773.722721681
1360,0.162985664637,0.159662775993,0.170157080152,0.565247252747,0.57967032967,0.546153846154,779.286043808
1370,0.162608254541,0.159123756686,0.16979164193,0.566620879121,0.574175824176,0.54358974359,785.004273313
1380,0.16117378996,0.154425689324,0.168046526633,0.571428571429,0.587912087912,0.547435897436,790.743021599
1390,0.161039269926,0.15703982421,0.167876858822,0.567307692308,0.565934065934,0.560256410256,796.605528563
1400,0.162381085328,0.156545161544,0.169223873547,0.569368131868,0.565934065934,0.551282051282,802.182703714
1410,0.163296860193,0.160047773799,0.170348349584,0.561813186813,0.568681318681,0.551282051282,808.033770622
1420,0.161927877252,0.156419662344,0.168747633618,0.568681318681,0.574175824176,0.560256410256,814.137074125
1430,0.163470925727,0.158490226527,0.168172044377,0.563186813187,0.574175824176,0.553846153846,819.900055372
1440,0.160361429532,0.156166190726,0.168375609203,0.580357142857,0.585164835165,0.552564102564,825.66791351
1450,0.161482046261,0.156162379526,0.168877829306,0.572802197802,0.57967032967,0.557692307692,831.578114218
1460,0.161539858574,0.157102272072,0.168523386007,0.572115384615,0.574175824176,0.55,837.430568855
1470,0.161689544126,0.156135776984,0.169631416897,0.571428571429,0.574175824176,0.555128205128,843.202730052
1480,0.161347220889,0.157352108767,0.169187335582,0.576923076923,0.585164835165,0.555128205128,849.027252597
1490,0.158961192248,0.157011012661,0.167290879805,0.576236263736,0.574175824176,0.561538461538,854.680380172
1500,0.162974476045,0.161356759342,0.171132913674,0.559752747253,0.565934065934,0.544871794872,860.262489324
1510,0.163222374,0.159531844776,0.171745119734,0.56456043956,0.582417582418,0.542307692308,865.924714431
1520,0.161992170137,0.163768120566,0.171917771552,0.571428571429,0.552197802198,0.538461538462,871.889424423
1530,0.16262762413,0.16454119209,0.17179994189,0.56456043956,0.549450549451,0.535897435897,877.830346022
1540,0.161581415901,0.163060534763,0.17173528476,0.571428571429,0.552197802198,0.54358974359,883.445670423
1550,0.160831141184,0.159029123899,0.169920489217,0.570741758242,0.57967032967,0.546153846154,889.267073138
1560,0.162400372056,0.162329493625,0.171068139157,0.5625,0.56043956044,0.541025641026,895.118676943
1570,0.161379478067,0.162217197592,0.171522708215,0.570054945055,0.56043956044,0.537179487179,900.928894374
1580,0.160919080177,0.158373858762,0.169733475001,0.566620879121,0.574175824176,0.553846153846,906.703558136
1590,0.161552397824,0.158086538123,0.168744940796,0.563186813187,0.574175824176,0.553846153846,912.475095572
1600,0.16229209553,0.154925341516,0.169971820824,0.5625,0.604395604396,0.557692307692,918.199520277
1610,0.16262937625,0.16073993075,0.171010349722,0.572802197802,0.574175824176,0.548717948718,924.15280492
1620,0.160901485497,0.157599357803,0.171533531396,0.563186813187,0.565934065934,0.54358974359,929.824044121
1630,0.162493253626,0.160703619807,0.173863465739,0.5625,0.565934065934,0.539743589744,935.405202243
1640,0.16176128613,0.159153668422,0.172127841876,0.56043956044,0.565934065934,0.538461538462,941.100818718
1650,0.161390972699,0.158594289137,0.17120336939,0.56043956044,0.571428571429,0.541025641026,947.137646238
1660,0.161987075978,0.157016970422,0.171777427925,0.583791208791,0.593406593407,0.562820512821,953.01387525
1670,0.163461407626,0.160414089669,0.174917247444,0.568681318681,0.576923076923,0.542307692308,958.754188067
1680,0.162030225136,0.15716063966,0.171746142566,0.570741758242,0.568681318681,0.551282051282,964.512503419
1690,0.162319153281,0.159697971482,0.170408530187,0.56456043956,0.571428571429,0.555128205128,970.320818791
1700,0.163352543543,0.159501578376,0.171191202111,0.56456043956,0.571428571429,0.552564102564,975.976893497
1710,0.162343514478,0.156255650823,0.170583226596,0.567994505495,0.585164835165,0.552564102564,981.656233376
1720,0.160723832752,0.152498607114,0.169070615133,0.574862637363,0.587912087912,0.542307692308,987.417526639
1730,0.160115867307,0.154645927891,0.168532881062,0.572115384615,0.57967032967,0.552564102564,993.132432157
1740,0.161613011523,0.154103516873,0.169709644221,0.568681318681,0.582417582418,0.548717948718,999.021229396
1750,0.161282628426,0.153889325825,0.170094764616,0.578296703297,0.582417582418,0.546153846154,1004.65190193
1760,0.160342378583,0.153189168682,0.168882288364,0.567307692308,0.57967032967,0.539743589744,1010.23024287
1770,0.160673034442,0.154006084207,0.16775469364,0.565247252747,0.574175824176,0.547435897436,1016.076701
1780,0.158655065392,0.151420329716,0.166624679678,0.576236263736,0.582417582418,0.55641025641,1021.9660283
1790,0.158633142189,0.148453277973,0.16482086418,0.581043956044,0.593406593407,0.557692307692,1027.70081687
1800,0.161056893001,0.152529861789,0.168790102793,0.573489010989,0.607142857143,0.548717948718,1033.4430338
1810,0.161521725195,0.151423940931,0.168937411116,0.57760989011,0.593406593407,0.555128205128,1039.31909216
1820,0.162703434733,0.158007368755,0.171232648014,0.561813186813,0.582417582418,0.548717948718,1045.0938804
1830,0.161447745189,0.155041877394,0.168341373501,0.566620879121,0.576923076923,0.547435897436,1050.93475033
1840,0.160996078709,0.151006452357,0.167725774101,0.567307692308,0.596153846154,0.55641025641,1056.36230981
1850,0.160920832171,0.15345516588,0.168101007438,0.567307692308,0.576923076923,0.544871794872,1062.26911506
1860,0.163192479736,0.154784547412,0.169479246253,0.563186813187,0.576923076923,0.537179487179,1068.08937353
1870,0.164318434751,0.159158107209,0.171018737236,0.556318681319,0.571428571429,0.54358974359,1074.14881853
1880,0.165353543339,0.157968443128,0.173209306427,0.556318681319,0.571428571429,0.544871794872,1079.74859337
1890,0.161005093741,0.154425269275,0.168089922072,0.565247252747,0.56043956044,0.541025641026,1085.41411408
1900,0.159982380551,0.148735114064,0.167868560954,0.570054945055,0.593406593407,0.547435897436,1091.23646407
1910,0.162397603808,0.152786155491,0.167661419665,0.563186813187,0.593406593407,0.551282051282,1096.79830168
1920,0.160737970207,0.148064338717,0.166955107554,0.580357142857,0.604395604396,0.551282051282,1102.6605891
1930,0.164199645229,0.153367959252,0.171373209295,0.567994505495,0.593406593407,0.547435897436,1108.48165668
1940,0.16152232071,0.151011827308,0.169222982028,0.573489010989,0.593406593407,0.555128205128,1114.21989201
1950,0.162175951013,0.150553833856,0.168569260535,0.568681318681,0.585164835165,0.544871794872,1120.18902441
1960,0.160061842244,0.146410155792,0.166015773389,0.580357142857,0.604395604396,0.552564102564,1126.1113734
1970,0.159607288448,0.148497513755,0.16562376408,0.581043956044,0.618131868132,0.561538461538,1132.06517819
1980,0.161150491413,0.148677699021,0.168219696695,0.572115384615,0.590659340659,0.547435897436,1137.89585968
1990,0.160750345415,0.149424000776,0.166585090476,0.581730769231,0.607142857143,0.569230769231,1143.70721657
2000,0.159143743526,0.146848791803,0.165247493532,0.582417582418,0.596153846154,0.548717948718,1149.43136735
2010,0.155775482817,0.143462368243,0.163656329388,0.583104395604,0.604395604396,0.551282051282,1155.05754909
2020,0.159879988352,0.146197256698,0.16582269683,0.572802197802,0.598901098901,0.557692307692,1160.54231637
2030,0.157089537092,0.144550603418,0.163264000731,0.584478021978,0.596153846154,0.555128205128,1166.46782554
2040,0.156974641294,0.146374706309,0.162628189206,0.570054945055,0.593406593407,0.558974358974,1172.32830426
2050,0.159536661574,0.14530359578,0.167433975875,0.578296703297,0.60989010989,0.54358974359,1178.29566865
2060,0.15810617031,0.146835679301,0.163774951304,0.576923076923,0.598901098901,0.55641025641,1184.06804392
2070,0.159833388415,0.146447550011,0.167671366997,0.575549450549,0.596153846154,0.55,1189.67071563
2080,0.158099656561,0.143514810833,0.165388260798,0.57967032967,0.601648351648,0.55641025641,1195.70725931
2090,0.157891290711,0.143221335853,0.16355477852,0.57760989011,0.612637362637,0.565384615385,1201.47705952
2100,0.154319459125,0.141283904505,0.161923564172,0.589972527473,0.612637362637,0.561538461538,1207.48172678
2110,0.156350612736,0.14344598953,0.163365356585,0.576236263736,0.593406593407,0.560256410256,1213.0368665
2120,0.154911628313,0.141605159934,0.162139846453,0.582417582418,0.620879120879,0.55641025641,1218.6222822
2130,0.155141209361,0.143153176836,0.162040203672,0.57967032967,0.615384615385,0.552564102564,1224.61218986
2140,0.155412251798,0.14047717676,0.162788666707,0.583791208791,0.623626373626,0.55641025641,1230.54516877
2150,0.156783021132,0.144110432197,0.163777085976,0.580357142857,0.618131868132,0.567948717949,1236.26060264
2160,0.154775297777,0.142034829723,0.163635315897,0.581730769231,0.626373626374,0.555128205128,1242.1833384
2170,0.155173500746,0.140619184125,0.162662898056,0.580357142857,0.631868131868,0.562820512821,1248.08812532
2180,0.15477697011,0.139459023017,0.162887914463,0.578296703297,0.626373626374,0.561538461538,1253.72318026
2190,0.154986909603,0.13937899464,0.163056702624,0.578296703297,0.629120879121,0.560256410256,1259.52268672
2200,0.154389346048,0.140952061889,0.16116627975,0.576236263736,0.623626373626,0.567948717949,1265.37000696
2210,0.155172370639,0.140619006968,0.160723365049,0.591346153846,0.631868131868,0.575641025641,1271.05694516
2220,0.156859076168,0.143349493982,0.162571449932,0.578296703297,0.620879120879,0.571794871795,1276.68150765
2230,0.154525452897,0.142200571471,0.162904457403,0.57967032967,0.623626373626,0.551282051282,1282.42381452
2240,0.154541409273,0.142465386705,0.161381277932,0.589972527473,0.618131868132,0.565384615385,1288.0441526
2250,0.154449184874,0.142099301822,0.159956850823,0.582417582418,0.634615384615,0.575641025641,1293.73496468
2260,0.156326124847,0.143136755584,0.162963687405,0.574862637363,0.618131868132,0.558974358974,1299.56673092
2270,0.153956482599,0.1408882961,0.160590740661,0.588598901099,0.64010989011,0.561538461538,1305.45486028
2280,0.15619719778,0.143619844713,0.163151551558,0.578296703297,0.623626373626,0.557692307692,1311.14524524
2290,0.155921429138,0.144435703064,0.163190064419,0.578296703297,0.620879120879,0.562820512821,1317.06000514
2300,0.155109719483,0.145796171964,0.162372072199,0.581043956044,0.598901098901,0.566666666667,1322.72528921
2310,0.157012712768,0.146651631892,0.164243087763,0.576236263736,0.615384615385,0.564102564103,1328.51351566
2320,0.155128399411,0.141652743721,0.161593375406,0.578296703297,0.629120879121,0.564102564103,1334.35727698
2330,0.152338712644,0.139525599677,0.161236193759,0.596840659341,0.637362637363,0.576923076923,1339.87705145
2340,0.155710685709,0.14284229897,0.164794330783,0.596840659341,0.620879120879,0.569230769231,1345.81521709
2350,0.152967439434,0.141680283043,0.160815632935,0.581730769231,0.612637362637,0.574358974359,1351.5586381
2360,0.153103450255,0.138904057325,0.159977366452,0.585164835165,0.631868131868,0.567948717949,1357.22848068
2370,0.154148209812,0.142781798608,0.163626418323,0.596153846154,0.634615384615,0.570512820513,1362.82582341
2380,0.154161918124,0.141556255126,0.159785458391,0.585851648352,0.620879120879,0.582051282051,1368.62433233
2390,0.156039477771,0.142629255996,0.161529162926,0.586538461538,0.64010989011,0.571794871795,1374.2257295
2400,0.155973123839,0.145667539519,0.162971045184,0.57967032967,0.615384615385,0.55641025641,1380.07774128
2410,0.156633975362,0.142314518229,0.162238127889,0.580357142857,0.637362637363,0.564102564103,1385.75931494
2420,0.157103234182,0.145498550395,0.165386050566,0.580357142857,0.623626373626,0.560256410256,1391.59458299
2430,0.158490966633,0.149136393571,0.16718251425,0.581730769231,0.620879120879,0.560256410256,1397.38150652
2440,0.158004785395,0.150205799084,0.167889175519,0.586538461538,0.60989010989,0.561538461538,1403.00941659
2450,0.159144996876,0.146890424106,0.167909588126,0.580357142857,0.631868131868,0.548717948718,1408.58324074
2460,0.158966525347,0.147000383984,0.16659894035,0.583104395604,0.626373626374,0.55641025641,1414.31647777
2470,0.157623686556,0.147172466423,0.164590379106,0.578983516484,0.618131868132,0.560256410256,1420.2351803
2480,0.158531340927,0.147337540397,0.165915854635,0.586538461538,0.620879120879,0.561538461538,1426.07114119
2490,0.156544665955,0.144017637713,0.162781151012,0.583104395604,0.631868131868,0.575641025641,1432.02980337
2500,0.157907588568,0.145645000011,0.165151046672,0.581730769231,0.634615384615,0.561538461538,1437.58185574
2510,0.156169262999,0.144338558284,0.162200502934,0.594093406593,0.623626373626,0.580769230769,1443.33958188
2520,0.157617564336,0.146677982055,0.165418568104,0.582417582418,0.634615384615,0.557692307692,1448.81215642
2530,0.156152322912,0.142253314323,0.162673771315,0.59478021978,0.631868131868,0.565384615385,1454.45772739
2540,0.156740868456,0.142959423288,0.16265589893,0.594093406593,0.626373626374,0.564102564103,1460.56040713
2550,0.155809496952,0.142287908899,0.161127059431,0.589285714286,0.631868131868,0.566666666667,1466.37061738
2560,0.155750000012,0.142755769862,0.162589490218,0.580357142857,0.634615384615,0.566666666667,1472.04994495
2570,0.154225668994,0.142068515612,0.159955724375,0.578296703297,0.626373626374,0.574358974359,1477.53585101
2580,0.155000465862,0.14244036306,0.162730219254,0.59478021978,0.626373626374,0.561538461538,1483.24770612
2590,0.155464057609,0.143944714424,0.161794620826,0.576923076923,0.626373626374,0.573076923077,1488.99903734
2600,0.156265109724,0.146192709716,0.16071325445,0.57967032967,0.618131868132,0.584615384615,1494.76777811
2610,0.154023968457,0.145018581523,0.159597825249,0.581043956044,0.623626373626,0.579487179487,1500.44316409
2620,0.15481496092,0.144682585904,0.161413446333,0.585164835165,0.618131868132,0.574358974359,1506.10983418
2630,0.152771792471,0.144860372343,0.16189234896,0.589285714286,0.626373626374,0.557692307692,1511.80024991
2640,0.153690160968,0.144500653562,0.161336658699,0.582417582418,0.626373626374,0.575641025641,1517.73424927
2650,0.154745187006,0.145330986039,0.161687193872,0.57967032967,0.612637362637,0.566666666667,1523.49836279
2660,0.154527294907,0.143514519837,0.161515015624,0.582417582418,0.629120879121,0.576923076923,1529.07647872
2670,0.153952529154,0.143293679802,0.159257890193,0.583791208791,0.637362637363,0.588461538462,1535.20183441
2680,0.153328961321,0.142928538985,0.158599194851,0.585164835165,0.631868131868,0.594871794872,1541.07505953
2690,0.153578753733,0.14476359282,0.160245519199,0.587912087912,0.626373626374,0.574358974359,1546.74575533
2700,0.153650538099,0.143269379483,0.160580060978,0.583791208791,0.631868131868,0.589743589744,1552.49510823
2710,0.153390826003,0.141055996975,0.158684536501,0.588598901099,0.634615384615,0.583333333333,1558.45400638
2720,0.153083747596,0.141949569746,0.160567378855,0.587225274725,0.64010989011,0.565384615385,1564.35953846
2730,0.151730797087,0.137545127345,0.15753391047,0.593406593407,0.634615384615,0.570512820513,1570.27669526
2740,0.153586979727,0.147857956472,0.166448743672,0.589972527473,0.601648351648,0.55641025641,1576.05369368
2750,0.153464449802,0.143750834601,0.161206771171,0.589972527473,0.629120879121,0.574358974359,1581.70133975
2760,0.152882540266,0.141234405531,0.159676101083,0.598901098901,0.629120879121,0.569230769231,1587.19023808
2770,0.151664915512,0.143675617176,0.15909330056,0.596153846154,0.629120879121,0.578205128205,1592.91233736
2780,0.153747404162,0.138634760561,0.160191446069,0.59478021978,0.651098901099,0.567948717949,1598.66181508
2790,0.152964294544,0.139159823321,0.160458023302,0.591346153846,0.648351648352,0.576923076923,1604.5165182
2800,0.152981920085,0.13942272009,0.160246706542,0.59271978022,0.645604395604,0.574358974359,1610.20762985
2810,0.151831865558,0.139344413738,0.156597953536,0.596840659341,0.634615384615,0.582051282051,1615.84918537
2820,0.152204800448,0.139651722294,0.159962800653,0.587225274725,0.656593406593,0.588461538462,1621.77097557
2830,0.152130736248,0.139938484003,0.158715868393,0.599587912088,0.642857142857,0.576923076923,1627.39349237
2840,0.152709697513,0.139395734556,0.158623216702,0.59271978022,0.631868131868,0.574358974359,1633.08620309
2850,0.15246675307,0.140018192636,0.159872050497,0.59271978022,0.651098901099,0.580769230769,1638.78406736
2860,0.151620847604,0.137408772807,0.156114944211,0.597527472527,0.653846153846,0.588461538462,1644.75570814
2870,0.15258027706,0.138692984741,0.158883551025,0.595467032967,0.645604395604,0.582051282051,1650.43027612
2880,0.152813832932,0.138786343366,0.157952221196,0.592032967033,0.648351648352,0.583333333333,1656.44828892
2890,0.153751360785,0.139023073119,0.159594678864,0.593406593407,0.656593406593,0.588461538462,1662.14348818
2900,0.152100144683,0.1404369297,0.157000555771,0.598901098901,0.64010989011,0.578205128205,1667.7995711
2910,0.153043929246,0.137617888628,0.158395339993,0.598901098901,0.651098901099,0.578205128205,1673.60283585
2920,0.153817802365,0.140106791831,0.160077521176,0.584478021978,0.653846153846,0.580769230769,1679.26092889
2930,0.157792672989,0.150358829401,0.168136617889,0.599587912088,0.618131868132,0.55641025641,1685.17152937
2940,0.155983791154,0.142931822657,0.165356144081,0.589972527473,0.626373626374,0.564102564103,1690.93273851
2950,0.154257994443,0.137798494927,0.161629629704,0.59478021978,0.659340659341,0.579487179487,1696.67400646
2960,0.153153469286,0.13769604985,0.161277317326,0.59478021978,0.648351648352,0.579487179487,1702.3405678
2970,0.155538868061,0.14051312619,0.160898405969,0.590659340659,0.64010989011,0.576923076923,1707.87682337
2980,0.154818417326,0.141528413736,0.162240261139,0.590659340659,0.642857142857,0.574358974359,1713.63920411
2990,0.156245454309,0.142415792136,0.163496859429,0.583104395604,0.637362637363,0.567948717949,1719.26896015
3000,0.15407837893,0.140355435259,0.16094700153,0.592032967033,0.651098901099,0.573076923077,1725.0760793
3010,0.156149376403,0.144204095006,0.163481769998,0.587912087912,0.637362637363,0.564102564103,1731.09048359
3020,0.157376206116,0.14570226364,0.16617376758,0.585851648352,0.629120879121,0.561538461538,1736.91913752
3030,0.157082219721,0.145710919913,0.164510661724,0.576923076923,0.629120879121,0.562820512821,1742.68811938
3040,0.157464463077,0.145837608806,0.161783828459,0.587912087912,0.615384615385,0.575641025641,1748.44015575
3050,0.161416163325,0.149519235773,0.171980364202,0.582417582418,0.623626373626,0.547435897436,1754.03201869
3060,0.157607852408,0.146182300144,0.162417972586,0.582417582418,0.612637362637,0.573076923077,1759.90610592
3070,0.154148212083,0.143775230318,0.159118497097,0.581730769231,0.629120879121,0.578205128205,1765.51550938
3080,0.154796797712,0.142182579952,0.159326703378,0.583791208791,0.626373626374,0.576923076923,1771.50819387
3090,0.158023501457,0.147271232467,0.163526437239,0.585851648352,0.618131868132,0.569230769231,1777.36031577
3100,0.158687976013,0.147959284583,0.164374669169,0.585164835165,0.604395604396,0.569230769231,1783.08833975
3110,0.158740004334,0.148320133383,0.166712202411,0.588598901099,0.604395604396,0.566666666667,1788.81649984
3120,0.15669156339,0.146421827197,0.163552146495,0.590659340659,0.615384615385,0.565384615385,1794.30796844
3130,0.153760853661,0.143991518276,0.160671562863,0.59478021978,0.629120879121,0.583333333333,1799.8165549
3140,0.155430054418,0.145062040863,0.161644120571,0.590659340659,0.623626373626,0.579487179487,1805.42384257
3150,0.159159689798,0.148697430278,0.165514735452,0.583791208791,0.615384615385,0.569230769231,1811.28138441
3160,0.157556463574,0.147130526077,0.163476938819,0.589285714286,0.612637362637,0.574358974359,1817.02421723
3170,0.158613144158,0.149886575577,0.165523843156,0.587912087912,0.604395604396,0.576923076923,1823.13387393
3180,0.15876468206,0.151716972251,0.164167794515,0.589972527473,0.596153846154,0.580769230769,1828.90687946
3190,0.161577643244,0.152111892174,0.167601965255,0.584478021978,0.604395604396,0.574358974359,1834.79057034
3200,0.159308164158,0.152201864043,0.166973496613,0.583104395604,0.604395604396,0.565384615385,1840.47836793
3210,0.157855575356,0.151497969246,0.166694057542,0.594093406593,0.604395604396,0.565384615385,1846.13814997
3220,0.154914223071,0.147244236229,0.160919075879,0.593406593407,0.604395604396,0.575641025641,1852.02146742
3230,0.15744873218,0.151736895913,0.163317852061,0.586538461538,0.612637362637,0.576923076923,1857.95591067
3240,0.160298549221,0.154520947093,0.165915466116,0.583791208791,0.60989010989,0.570512820513,1863.79863341
3250,0.15829919407,0.152569980741,0.16421370554,0.584478021978,0.615384615385,0.579487179487,1869.64110788
3260,0.154785080071,0.147353631479,0.160563933916,0.590659340659,0.626373626374,0.585897435897,1875.08077666
3270,0.155806368658,0.147673107562,0.161237961239,0.590659340659,0.601648351648,0.576923076923,1880.87952154
3280,0.156336402684,0.148826877909,0.162081237177,0.59271978022,0.607142857143,0.570512820513,1886.58431968
3290,0.161669692727,0.157076502905,0.16720085503,0.581043956044,0.598901098901,0.570512820513,1892.54012809
3300,0.156685331981,0.149468905924,0.162145188914,0.592032967033,0.604395604396,0.575641025641,1898.3404293
3310,0.158192138119,0.147651238843,0.163787464454,0.588598901099,0.60989010989,0.570512820513,1904.12380075
3320,0.161308682224,0.156529714535,0.166430343626,0.586538461538,0.612637362637,0.564102564103,1909.83250457
3330,0.157933735127,0.151824101918,0.164923306991,0.587912087912,0.618131868132,0.570512820513,1915.59694126
3340,0.157139391612,0.151187106944,0.163972240491,0.587912087912,0.612637362637,0.570512820513,1921.21711929
3350,0.158102452097,0.15178674452,0.165425519724,0.587225274725,0.60989010989,0.567948717949,1927.00981295
3360,0.160800157656,0.159010600056,0.168202809726,0.578296703297,0.604395604396,0.561538461538,1932.73063359
3370,0.158474991385,0.154265394168,0.165268378198,0.589972527473,0.612637362637,0.571794871795,1938.49671928
3380,0.159675516856,0.158129566018,0.167405450806,0.585164835165,0.598901098901,0.558974358974,1944.24906993
3390,0.154089229028,0.148796538304,0.159407171861,0.583791208791,0.60989010989,0.569230769231,1950.26587897
3400,0.156385517526,0.147507545431,0.161566347358,0.595467032967,0.620879120879,0.589743589744,1956.05971243
3410,0.159904134837,0.151261649442,0.167612969759,0.589972527473,0.598901098901,0.558974358974,1961.77659661
3420,0.15038921147,0.141905641906,0.157821256832,0.601648351648,0.626373626374,0.585897435897,1967.63032305
3430,0.155826707905,0.147761617062,0.163294720244,0.590659340659,0.612637362637,0.573076923077,1973.1451796
3440,0.15364096584,0.144373995096,0.161472341018,0.59478021978,0.620879120879,0.567948717949,1979.01678717
3450,0.149716905411,0.144729173775,0.159934106222,0.604395604396,0.612637362637,0.570512820513,1984.8686861
3460,0.15136408145,0.142095265522,0.161373450402,0.598214285714,0.60989010989,0.578205128205,1990.65834714
3470,0.152331612239,0.146582679183,0.16112767379,0.592032967033,0.607142857143,0.566666666667,1996.27250883
3480,0.150013135837,0.141865499583,0.1592223716,0.603708791209,0.615384615385,0.569230769231,2002.0207445
3490,0.151413789113,0.145289751627,0.159078200402,0.598901098901,0.598901098901,0.567948717949,2007.76402325
3500,0.150179167259,0.142829392529,0.160118615303,0.601648351648,0.607142857143,0.570512820513,2013.48641253
3510,0.151086981568,0.144368109838,0.159965551111,0.594093406593,0.615384615385,0.570512820513,2018.83689312
3520,0.148734477292,0.141858628201,0.159099222976,0.600961538462,0.626373626374,0.579487179487,2024.70371512
3530,0.153556415692,0.148582959444,0.161522461143,0.585164835165,0.604395604396,0.567948717949,2030.44038865
3540,0.15167944634,0.144001816744,0.159743774365,0.596153846154,0.607142857143,0.579487179487,2036.04722012
3550,0.148651022562,0.142002167869,0.159146210326,0.603708791209,0.618131868132,0.578205128205,2042.01595208
3560,0.149080446897,0.143637927872,0.158653922874,0.598901098901,0.60989010989,0.573076923077,2047.98324739
3570,0.148513611464,0.141359397738,0.159091763704,0.601648351648,0.60989010989,0.579487179487,2053.53802051
3580,0.149463035754,0.142298992539,0.159687154781,0.598901098901,0.604395604396,0.569230769231,2059.36510478
3590,0.149467322112,0.143774751274,0.158953676697,0.595467032967,0.587912087912,0.580769230769,2065.28601646
3600,0.148337467295,0.140223109098,0.158782377959,0.599587912088,0.60989010989,0.582051282051,2070.84872885
3610,0.150485077183,0.145503930899,0.159187902088,0.596840659341,0.601648351648,0.575641025641,2076.65725111
3620,0.149267206673,0.141886294197,0.159104009043,0.600274725275,0.60989010989,0.582051282051,2082.54998105
3630,0.149863401064,0.143707296063,0.158406273192,0.603021978022,0.604395604396,0.582051282051,2088.22077774
3640,0.150217917629,0.144438920314,0.159161452111,0.593406593407,0.593406593407,0.574358974359,2094.24594634
3650,0.151426283108,0.147920511655,0.159901971109,0.599587912088,0.585164835165,0.578205128205,2099.92232986
3660,0.148006886262,0.142795932967,0.157560590861,0.604395604396,0.593406593407,0.583333333333,2105.71765261
3670,0.148931622974,0.144528439614,0.159556805616,0.597527472527,0.604395604396,0.579487179487,2111.73941242
3680,0.150566783498,0.14522643625,0.161197155596,0.59478021978,0.598901098901,0.575641025641,2117.27512391
3690,0.149256455015,0.144390156846,0.158397821652,0.596153846154,0.598901098901,0.583333333333,2122.70111441
3700,0.149483418952,0.145918008494,0.159190798163,0.59478021978,0.590659340659,0.574358974359,2128.38943623
3710,0.151335004205,0.148918497216,0.160999651997,0.596153846154,0.596153846154,0.573076923077,2134.05074417
3720,0.149553218743,0.145309302686,0.15824927581,0.594093406593,0.596153846154,0.575641025641,2139.82310337
3730,0.148665876412,0.144107095153,0.156659660813,0.591346153846,0.598901098901,0.589743589744,2145.5674525
3740,0.149203981622,0.14554890187,0.157541769569,0.588598901099,0.585164835165,0.582051282051,2151.44546388
3750,0.149363502704,0.145929490696,0.156215205674,0.595467032967,0.587912087912,0.591025641026,2157.25548058
3760,0.149859748236,0.147490943726,0.15777585365,0.590659340659,0.593406593407,0.583333333333,2163.18914788
3770,0.14971447753,0.14728284526,0.158532345732,0.589285714286,0.593406593407,0.578205128205,2169.03588471
3780,0.150057369713,0.149144941294,0.15895943793,0.590659340659,0.590659340659,0.575641025641,2174.61404783
3790,0.149829721427,0.146427878819,0.158852643933,0.588598901099,0.590659340659,0.579487179487,2180.41930834
3800,0.149666961334,0.147973997676,0.156873156411,0.593406593407,0.585164835165,0.592307692308,2186.41418831
3810,0.15120287922,0.149657327682,0.158019857278,0.589972527473,0.582417582418,0.582051282051,2192.14492004
3820,0.154196336322,0.150028829485,0.160535844296,0.582417582418,0.590659340659,0.574358974359,2197.8823637
3830,0.149909309169,0.149477814084,0.156540564785,0.596153846154,0.585164835165,0.59358974359,2203.77833281
3840,0.15100644489,0.149608198812,0.157070181158,0.589285714286,0.582417582418,0.582051282051,2209.39308578
3850,0.152220609736,0.152468153584,0.157951406854,0.580357142857,0.582417582418,0.584615384615,2215.37138958
3860,0.150840102049,0.147683823336,0.156956705683,0.591346153846,0.596153846154,0.582051282051,2221.20569908
3870,0.151577446511,0.149541620344,0.158273525431,0.592032967033,0.598901098901,0.596153846154,2226.77954922
3880,0.153062399832,0.153638116365,0.159967059706,0.57967032967,0.57967032967,0.580769230769,2232.66210919
3890,0.150637249273,0.150712185222,0.156204747359,0.598214285714,0.582417582418,0.598717948718,2238.38551618
3900,0.151485709591,0.150604264973,0.15797042208,0.59271978022,0.596153846154,0.592307692308,2244.19196882
3910,0.149118294087,0.147535772129,0.154494921806,0.588598901099,0.593406593407,0.587179487179,2249.92592708
3920,0.149210097587,0.147999073373,0.154988771562,0.593406593407,0.585164835165,0.585897435897,2255.8239966
3930,0.154162956404,0.153169406219,0.159961896151,0.578983516484,0.574175824176,0.576923076923,2261.63518866
3940,0.151667589355,0.150532811329,0.157791355201,0.588598901099,0.568681318681,0.592307692308,2267.45476352
3950,0.153129869285,0.158041480365,0.160696090154,0.588598901099,0.56043956044,0.571794871795,2273.24502403
3960,0.151241560204,0.152646733578,0.159698505022,0.589972527473,0.582417582418,0.579487179487,2278.80851886
3970,0.1540576413,0.154325025612,0.160415498651,0.588598901099,0.590659340659,0.576923076923,2284.60942639
3980,0.151687160863,0.152512020421,0.155694360298,0.588598901099,0.57967032967,0.589743589744,2290.63911896
3990,0.15164860688,0.153717152667,0.159849063718,0.585164835165,0.568681318681,0.587179487179,2296.29924743
4000,0.151138580185,0.152891654787,0.160725196773,0.589972527473,0.57967032967,0.576923076923,2302.25080408
4010,0.152606613522,0.154077119619,0.159214265347,0.586538461538,0.568681318681,0.582051282051,2308.0651081
4020,0.149934600244,0.152988192855,0.158035103558,0.596153846154,0.574175824176,0.582051282051,2313.85364711
4030,0.152788360091,0.152650486756,0.159827927889,0.584478021978,0.576923076923,0.574358974359,2319.80947467
4040,0.154213943688,0.154273882511,0.161002893921,0.576923076923,0.574175824176,0.573076923077,2325.80675256
4050,0.153264169533,0.153984149117,0.161184742737,0.585164835165,0.587912087912,0.582051282051,2331.56037501
4060,0.15292052025,0.155794762845,0.160118827839,0.586538461538,0.585164835165,0.585897435897,2337.22034001
4070,0.155006943549,0.156512927527,0.161498907072,0.578296703297,0.568681318681,0.576923076923,2342.82829453
4080,0.154443873363,0.156056386489,0.160727610063,0.585164835165,0.57967032967,0.579487179487,2348.63227196
4090,0.154718147473,0.155953187334,0.161764976765,0.581043956044,0.571428571429,0.570512820513,2354.51744598
4100,0.153536390303,0.15437547145,0.160923443448,0.588598901099,0.574175824176,0.579487179487,2360.23856551
4110,0.155481383578,0.155413472993,0.16204102876,0.57967032967,0.557692307692,0.561538461538,2365.91901407
4120,0.154180913361,0.155637737057,0.160613316561,0.583104395604,0.568681318681,0.562820512821,2371.67079807
4130,0.154172221727,0.155261888248,0.1601825187,0.587225274725,0.57967032967,0.576923076923,2377.47244358
4140,0.152721844921,0.15349688647,0.157057281354,0.587912087912,0.574175824176,0.571794871795,2383.16634881
4150,0.153962940127,0.156109143391,0.159182257506,0.591346153846,0.582417582418,0.578205128205,2389.18762131
4160,0.153161740646,0.154054943348,0.157962049386,0.585851648352,0.576923076923,0.569230769231,2395.01467856
4170,0.153971068127,0.152927100978,0.159465255414,0.588598901099,0.598901098901,0.578205128205,2400.91623075
4180,0.154076763778,0.157391725597,0.160513574245,0.592032967033,0.565934065934,0.566666666667,2406.75957178
4190,0.154303857244,0.153728204781,0.15934036835,0.587912087912,0.582417582418,0.59358974359,2412.61866003
4200,0.155051271332,0.157685981153,0.157727203628,0.593406593407,0.56043956044,0.584615384615,2418.43773048
4210,0.152879296006,0.15567014578,0.159641322055,0.591346153846,0.571428571429,0.570512820513,2424.47281257
4220,0.153072600763,0.156190886029,0.15922745818,0.591346153846,0.565934065934,0.576923076923,2430.06431198
4230,0.155028337472,0.157144505274,0.161236471374,0.59478021978,0.56043956044,0.576923076923,2435.89390224
4240,0.15468026037,0.156186008731,0.160969283015,0.592032967033,0.56043956044,0.567948717949,2441.40902074
4250,0.155187680067,0.155902574537,0.160508046239,0.592032967033,0.576923076923,0.575641025641,2447.21409522
4260,0.155555245463,0.157622255192,0.161314645667,0.588598901099,0.549450549451,0.575641025641,2452.89538982
4270,0.156782539993,0.157581158523,0.163338257749,0.584478021978,0.576923076923,0.574358974359,2458.69283589
4280,0.155900736367,0.15619913814,0.160995732381,0.583104395604,0.582417582418,0.579487179487,2464.21817599
4290,0.153980177941,0.155214934911,0.161254802706,0.583791208791,0.576923076923,0.584615384615,2469.88408621
4300,0.154811464429,0.156385552621,0.160581663703,0.585164835165,0.574175824176,0.576923076923,2475.7661281
4310,0.151921166536,0.151653341652,0.158835566566,0.594093406593,0.598901098901,0.582051282051,2481.75202338
4320,0.154183319781,0.155295170067,0.1609121234,0.587912087912,0.582417582418,0.571794871795,2487.76800349
4330,0.15424855102,0.155787993665,0.160492042428,0.583104395604,0.587912087912,0.580769230769,2493.46449199
4340,0.153454395399,0.154592509971,0.160137242238,0.590659340659,0.574175824176,0.589743589744,2499.10871115
4350,0.15283059499,0.15358297681,0.160678601894,0.586538461538,0.585164835165,0.574358974359,2505.07236717
4360,0.153109570125,0.15625635698,0.160472339244,0.586538461538,0.57967032967,0.582051282051,2510.73911386
4370,0.15262109506,0.153950005291,0.160861650531,0.588598901099,0.585164835165,0.576923076923,2516.49460212
4380,0.152962172524,0.153954510451,0.159688867691,0.587912087912,0.582417582418,0.578205128205,2522.10327786
4390,0.152276277692,0.152574633562,0.158610364668,0.595467032967,0.574175824176,0.583333333333,2527.92740816
4400,0.151907834361,0.155015139236,0.159794158068,0.589285714286,0.574175824176,0.584615384615,2533.57607537
4410,0.151507893289,0.15259184474,0.159571273607,0.599587912088,0.565934065934,0.584615384615,2539.51581408
4420,0.152673194042,0.152828776543,0.159772059228,0.583104395604,0.585164835165,0.575641025641,2545.15530749
4430,0.15280808221,0.15494916541,0.159824809608,0.589285714286,0.57967032967,0.580769230769,2550.88443195
4440,0.152373349625,0.154983334508,0.158995782003,0.589972527473,0.568681318681,0.585897435897,2556.75900375
4450,0.15157019756,0.154946516696,0.159793895593,0.594093406593,0.585164835165,0.587179487179,2562.57227672
4460,0.151988812677,0.154744031621,0.159432003548,0.589285714286,0.57967032967,0.578205128205,2568.5454581
4470,0.151812734973,0.153206359235,0.158094248357,0.584478021978,0.574175824176,0.578205128205,2574.48067215
4480,0.153868554622,0.156424079574,0.160116187279,0.589285714286,0.565934065934,0.574358974359,2580.18009959
4490,0.157069385217,0.162261169902,0.166077637229,0.578983516484,0.56043956044,0.553846153846,2585.90403493
4500,0.152067053552,0.153201021671,0.157462070577,0.596153846154,0.585164835165,0.592307692308,2591.48107705
4510,0.15093145114,0.15039861761,0.156446307748,0.598901098901,0.582417582418,0.594871794872,2597.3644988
4520,0.151510005937,0.150324026486,0.155576823596,0.587912087912,0.585164835165,0.584615384615,2603.09315509
4530,0.153505907174,0.152523730694,0.158667186161,0.585164835165,0.585164835165,0.580769230769,2608.55413501
4540,0.150297193866,0.147388771122,0.156328295319,0.592032967033,0.596153846154,0.575641025641,2614.45141628
4550,0.15246730647,0.151450858194,0.15818765118,0.586538461538,0.57967032967,0.583333333333,2620.16641858
4560,0.151878574423,0.14992327863,0.157497395372,0.588598901099,0.585164835165,0.580769230769,2626.12985643
4570,0.15244634793,0.15094625925,0.160264896341,0.587912087912,0.593406593407,0.567948717949,2631.97511422
4580,0.151005014114,0.149768286582,0.155491923218,0.598901098901,0.576923076923,0.587179487179,2637.9721582
4590,0.151494170383,0.150713927993,0.156706846438,0.596153846154,0.57967032967,0.580769230769,2643.68636028
4600,0.151767541866,0.152665281811,0.157284714277,0.593406593407,0.576923076923,0.585897435897,2649.25343762
4610,0.149289339196,0.149054084907,0.155636403547,0.600961538462,0.582417582418,0.589743589744,2654.91836774
4620,0.152523194494,0.153232439907,0.160579312888,0.600274725275,0.574175824176,0.570512820513,2660.84069006
4630,0.149754361401,0.149423896619,0.154389950872,0.596840659341,0.590659340659,0.596153846154,2666.74727439
4640,0.150238149207,0.149441572199,0.156852569772,0.599587912088,0.598901098901,0.579487179487,2672.5507905
4650,0.151687473504,0.149129421983,0.156899353059,0.592032967033,0.607142857143,0.591025641026,2678.36074051
4660,0.15112634548,0.149192317174,0.157733008812,0.594093406593,0.596153846154,0.579487179487,2684.16561665
4670,0.150488195618,0.149717931334,0.153896501827,0.595467032967,0.585164835165,0.6,2689.90089424
4680,0.15228683053,0.149227107652,0.158221180945,0.594093406593,0.604395604396,0.579487179487,2695.6141152
4690,0.152777201173,0.151601447105,0.160046986506,0.596153846154,0.596153846154,0.587179487179,2701.59159689
4700,0.152966145057,0.151098822589,0.15995452203,0.597527472527,0.596153846154,0.584615384615,2707.26833948
4710,0.149026333534,0.145494645609,0.155973536667,0.605082417582,0.607142857143,0.594871794872,2713.22180469
4720,0.149504819507,0.146338856489,0.155510541497,0.600961538462,0.607142857143,0.596153846154,2719.08226767
4730,0.150937942748,0.145883423517,0.156395543252,0.598901098901,0.612637362637,0.584615384615,2724.62154014
4740,0.149182660815,0.14266154977,0.156882288557,0.606456043956,0.615384615385,0.580769230769,2730.64548071
4750,0.152661342064,0.145236162245,0.15722063462,0.588598901099,0.604395604396,0.583333333333,2736.48378788
4760,0.148159234113,0.142152264794,0.155495595883,0.60989010989,0.620879120879,0.587179487179,2742.14460474
4770,0.153016081565,0.146857255333,0.157484427514,0.589972527473,0.607142857143,0.580769230769,2748.01518093
4780,0.151308031503,0.143062754175,0.156674630703,0.597527472527,0.618131868132,0.582051282051,2753.877336
4790,0.150497786004,0.142953385875,0.153111502352,0.603708791209,0.618131868132,0.596153846154,2759.60028235
4800,0.152824674315,0.145564479295,0.15744357017,0.588598901099,0.601648351648,0.582051282051,2765.40088074
4810,0.151552513061,0.141128558226,0.15392826451,0.594093406593,0.607142857143,0.589743589744,2771.187886
4820,0.15035957655,0.142495308342,0.15334161966,0.594093406593,0.615384615385,0.592307692308,2776.82227647
4830,0.151603576365,0.139801130893,0.156319258224,0.59271978022,0.604395604396,0.576923076923,2782.51329921
4840,0.152802021623,0.14283189986,0.157070384781,0.596840659341,0.629120879121,0.584615384615,2788.05082692
4850,0.151623675475,0.141545039601,0.155995433268,0.597527472527,0.618131868132,0.584615384615,2793.87663256
4860,0.152226621493,0.143770760843,0.156681430344,0.585164835165,0.604395604396,0.582051282051,2799.51394589
4870,0.151158748938,0.141284834098,0.155415925223,0.599587912088,0.618131868132,0.591025641026,2805.27489376
4880,0.151748072413,0.144741358623,0.157356092498,0.597527472527,0.607142857143,0.576923076923,2810.90855651
4890,0.150822958685,0.142456918126,0.156911589854,0.596840659341,0.60989010989,0.571794871795,2816.63417266
4900,0.150657211031,0.142820679751,0.157116824379,0.593406593407,0.604395604396,0.570512820513,2822.44502889
4910,0.151416905763,0.143992759057,0.156500064566,0.601648351648,0.618131868132,0.582051282051,2828.39491739
4920,0.152491340366,0.143999888779,0.157000129265,0.593406593407,0.60989010989,0.569230769231,2833.990422
4930,0.154929673807,0.144111796712,0.156970820114,0.595467032967,0.598901098901,0.580769230769,2839.57162287
4940,0.153451541031,0.144956883537,0.158208104939,0.596153846154,0.615384615385,0.574358974359,2845.16277245
4950,0.155906189827,0.149806583096,0.158323941135,0.585851648352,0.593406593407,0.583333333333,2850.97776179
4960,0.152425854374,0.144417163237,0.15975445183,0.597527472527,0.615384615385,0.578205128205,2856.78677102
4970,0.153435121941,0.141256292479,0.156335383799,0.595467032967,0.618131868132,0.584615384615,2862.61186261
4980,0.15388172829,0.141320695119,0.158272189733,0.59271978022,0.634615384615,0.583333333333,2868.47883644
4990,0.152962598421,0.143128111169,0.157719409864,0.598214285714,0.615384615385,0.575641025641,2874.3341575
5000,0.154523795352,0.144021515851,0.157599788892,0.59271978022,0.615384615385,0.574358974359,2879.99480987
